date,day_situation,restrictions,case_status,total_cases,new_cases,new_cases_smoothed,death_status,total_deaths,test_status,total_tests,total_vaccinations,people_vaccinated,people_fully_vaccinated,new_vaccinations_smoothed,total_vaccinations_per_hundred,people_vaccinated_per_hundred,people_fully_vaccinated_per_hundred,new_vaccinations_smoothed_per_million,stringency_index
22-03-20,FDS,FALSE,INCREASE,1,1,,MAINTAIN,0,MAINTAIN,0,0,0,0,0,0,0,0,0,22.22
23-03-20,NORMAL,FALSE,INCREASE,1,0,,MAINTAIN,0,MAINTAIN,0,0,0,0,0,0,0,0,0,47.22
24-03-20,NORMAL,FALSE,INCREASE,3,2,,MAINTAIN,0,MAINTAIN,0,0,0,0,0,0,0,0,0,47.22
25-03-20,NORMAL,FALSE,INCREASE,5,2,,MAINTAIN,0,MAINTAIN,0,0,0,0,0,0,0,0,0,47.22
26-03-20,NORMAL,FALSE,INCREASE,7,2,,MAINTAIN,0,MAINTAIN,0,0,0,0,0,0,0,0,0,47.22
27-03-20,FDS,FALSE,INCREASE,7,0,1,MAINTAIN,0,MAINTAIN,0,0,0,0,0,0,0,0,0,47.22
28-03-20,FDS,FALSE,INCREASE,8,1,1.143,MAINTAIN,0,MAINTAIN,205,0,0,0,0,0,0,0,0,47.22
29-03-20,FDS,FALSE,DECREASE,8,0,1,MAINTAIN,0,INCREASE,0,0,0,0,0,0,0,0,0,47.22
30-03-20,NORMAL,FALSE,DECREASE,8,0,1,MAINTAIN,0,INCREASE,233,0,0,0,0,0,0,0,0,47.22
31-03-20,NORMAL,FALSE,DECREASE,8,0,0.714,MAINTAIN,0,INCREASE,269,0,0,0,0,0,0,0,0,47.22
1/4/2020,NORMAL,TRUE,DECREASE,10,2,0.714,MAINTAIN,0,INCREASE,288,0,0,0,0,0,0,0,0,56.48
2/4/2020,NORMAL,TRUE,DECREASE,10,0,0.429,MAINTAIN,0,INCREASE,306,0,0,0,0,0,0,0,0,56.48
3/4/2020,FDS,TRUE,DECREASE,10,0,0.429,MAINTAIN,0,INCREASE,321,0,0,0,0,0,0,0,0,56.48
4/4/2020,FDS,TRUE,DECREASE,10,0,0.286,MAINTAIN,0,INCREASE,345,0,0,0,0,0,0,0,0,56.48
5/4/2020,FDS,TRUE,INCREASE,10,0,0.286,MAINTAIN,0,INCREASE,367,0,0,0,0,0,0,0,0,56.48
6/4/2020,NORMAL,TRUE,INCREASE,10,0,0.286,MAINTAIN,0,INCREASE,371,0,0,0,0,0,0,0,0,56.48
7/4/2020,FERIADO,TRUE,INCREASE,10,0,0.286,MAINTAIN,0,INCREASE,428,0,0,0,0,0,0,0,0,56.48
8/4/2020,NORMAL,TRUE,INCREASE,17,7,1,MAINTAIN,0,INCREASE,471,0,0,0,0,0,0,0,0,56.48
9/4/2020,NORMAL,TRUE,INCREASE,17,0,1,MAINTAIN,0,INCREASE,487,0,0,0,0,0,0,0,0,56.48
10/4/2020,FDSLONG,TRUE,INCREASE,20,3,1.429,MAINTAIN,0,INCREASE,541,0,0,0,0,0,0,0,0,56.48
11/4/2020,FDSLONG,TRUE,INCREASE,20,0,1.429,MAINTAIN,0,INCREASE,551,0,0,0,0,0,0,0,0,56.48
12/4/2020,FDSLONG,TRUE,INCREASE,21,1,1.571,MAINTAIN,0,INCREASE,679,0,0,0,0,0,0,0,0,56.48
13-04-20,NORMAL,TRUE,INCREASE,21,0,1.571,MAINTAIN,0,INCREASE,683,0,0,0,0,0,0,0,0,56.48
14-04-20,NORMAL,TRUE,INCREASE,28,7,2.571,MAINTAIN,0,INCREASE,762,0,0,0,0,0,0,0,0,56.48
15-04-20,NORMAL,TRUE,INCREASE,29,1,1.714,MAINTAIN,0,INCREASE,793,0,0,0,0,0,0,0,0,56.48
16-04-20,NORMAL,TRUE,INCREASE,31,2,2,MAINTAIN,0,INCREASE,855,0,0,0,0,0,0,0,0,56.48
17-04-20,FDS,TRUE,INCREASE,34,3,2,MAINTAIN,0,INCREASE,898,0,0,0,0,0,0,0,0,56.48
18-04-20,FDS,TRUE,INCREASE,35,1,2.143,MAINTAIN,0,INCREASE,952,0,0,0,0,0,0,0,0,56.48
19-04-20,FDS,TRUE,INCREASE,39,4,2.571,MAINTAIN,0,INCREASE,1037,0,0,0,0,0,0,0,0,56.48
20-04-20,NORMAL,TRUE,INCREASE,39,0,2.571,MAINTAIN,0,INCREASE,1110,0,0,0,0,0,0,0,0,56.48
21-04-20,NORMAL,TRUE,INCREASE,39,0,1.571,MAINTAIN,0,INCREASE,1163,0,0,0,0,0,0,0,0,56.48
22-04-20,NORMAL,TRUE,INCREASE,41,2,1.714,MAINTAIN,0,INCREASE,1247,0,0,0,0,0,0,0,0,56.48
23-04-20,NORMAL,TRUE,INCREASE,46,5,2.143,MAINTAIN,0,INCREASE,1325,0,0,0,0,0,0,0,0,56.48
24-04-20,FDS,TRUE,INCREASE,65,19,4.429,MAINTAIN,0,INCREASE,1439,0,0,0,0,0,0,0,0,56.48
25-04-20,FDS,TRUE,INCREASE,70,5,5,MAINTAIN,0,INCREASE,1575,0,0,0,0,0,0,0,0,56.48
26-04-20,FDS,TRUE,DECREASE,76,6,5.286,MAINTAIN,0,INCREASE,1644,0,0,0,0,0,0,0,0,56.48
27-04-20,NORMAL,TRUE,DECREASE,76,0,5.286,MAINTAIN,0,INCREASE,1688,0,0,0,0,0,0,0,0,56.48
28-04-20,NORMAL,TRUE,DECREASE,76,0,5.286,MAINTAIN,0,INCREASE,1772,0,0,0,0,0,0,0,0,56.48
29-04-20,NORMAL,TRUE,DECREASE,76,0,5,MAINTAIN,0,INCREASE,1896,0,0,0,0,0,0,0,0,56.48
30-04-20,NORMAL,TRUE,DECREASE,76,0,4.286,MAINTAIN,0,INCREASE,2076,0,0,0,0,0,0,0,0,56.48
1/5/2020,FDSLONG,FALSE,DECREASE,79,3,2,MAINTAIN,0,INCREASE,2246,0,0,0,0,0,0,0,0,56.48
2/5/2020,FDSLONG,FALSE,DECREASE,79,0,1.286,MAINTAIN,0,INCREASE,2337,0,0,0,0,0,0,0,0,56.48
3/5/2020,FDSLONG,FALSE,DECREASE,80,1,0.571,MAINTAIN,0,INCREASE,2466,0,0,0,0,0,0,0,0,56.48
4/5/2020,NORMAL,FALSE,DECREASE,80,0,0.571,MAINTAIN,0,INCREASE,2598,0,0,0,0,0,0,0,0,56.48
5/5/2020,NORMAL,FALSE,DECREASE,81,1,0.714,MAINTAIN,0,INCREASE,2867,0,0,0,0,0,0,0,0,56.48
6/5/2020,NORMAL,FALSE,DECREASE,81,0,0.714,MAINTAIN,0,INCREASE,3041,0,0,0,0,0,0,0,0,56.48
7/5/2020,NORMAL,FALSE,DECREASE,81,0,0.714,MAINTAIN,0,INCREASE,3188,0,0,0,0,0,0,0,0,56.48
8/5/2020,FDS,FALSE,DECREASE,82,1,0.429,MAINTAIN,0,INCREASE,3356,0,0,0,0,0,0,0,0,56.48
9/5/2020,FDS,FALSE,DECREASE,87,5,1.143,MAINTAIN,0,INCREASE,3749,0,0,0,0,0,0,0,0,56.48
10/5/2020,FDS,FALSE,INCREASE,91,4,1.571,MAINTAIN,0,INCREASE,3923,0,0,0,0,0,0,0,0,56.48
11/5/2020,NORMAL,FALSE,INCREASE,103,12,3.286,MAINTAIN,0,INCREASE,4173,0,0,0,0,0,0,0,0,56.48
12/5/2020,NORMAL,FALSE,INCREASE,104,1,3.286,MAINTAIN,0,INCREASE,4365,0,0,0,0,0,0,0,0,56.48
13-05-20,NORMAL,FALSE,INCREASE,104,0,3.286,MAINTAIN,0,INCREASE,4740,0,0,0,0,0,0,0,0,56.48
14-05-20,NORMAL,FALSE,INCREASE,115,11,4.857,MAINTAIN,0,INCREASE,5119,0,0,0,0,0,0,0,0,56.48
15-05-20,FDS,FALSE,INCREASE,119,4,5.286,MAINTAIN,0,INCREASE,5361,0,0,0,0,0,0,0,0,56.48
16-05-20,FDS,FALSE,INCREASE,129,10,6,MAINTAIN,0,INCREASE,5735,0,0,0,0,0,0,0,0,56.48
17-05-20,FDS,FALSE,DECREASE,137,8,6.571,MAINTAIN,0,INCREASE,6011,0,0,0,0,0,0,0,0,56.48
18-05-20,NORMAL,FALSE,DECREASE,145,8,6,MAINTAIN,0,INCREASE,6272,0,0,0,0,0,0,0,0,56.48
19-05-20,NORMAL,FALSE,DECREASE,146,1,6,MAINTAIN,0,INCREASE,6537,0,0,0,0,0,0,0,0,56.48
20-05-20,NORMAL,FALSE,DECREASE,156,10,7.429,MAINTAIN,0,INCREASE,6769,0,0,0,0,0,0,0,0,56.48
21-05-20,NORMAL,FALSE,DECREASE,162,6,6.714,MAINTAIN,0,INCREASE,7063,0,0,0,0,0,0,0,0,56.48
22-05-20,FDS,FALSE,DECREASE,164,2,6.429,MAINTAIN,0,INCREASE,7480,0,0,0,0,0,0,0,0,56.48
23-05-20,FDS,FALSE,DECREASE,168,4,5.571,MAINTAIN,0,INCREASE,7947,0,0,0,0,0,0,0,0,56.48
24-05-20,FDS,FALSE,INCREASE,194,26,8.143,INCREASE,0,INCREASE,8463,0,0,0,0,0,0,0,0,56.48
25-05-20,NORMAL,FALSE,INCREASE,209,15,9.143,INCREASE,1,INCREASE,8796,0,0,0,0,0,0,0,0,56.48
26-05-20,NORMAL,FALSE,INCREASE,213,4,9.571,INCREASE,1,INCREASE,9036,0,0,0,0,0,0,0,0,56.48
27-05-20,NORMAL,FALSE,INCREASE,227,14,10.143,INCREASE,1,INCREASE,9330,0,0,0,0,0,0,0,0,56.48
28-05-20,NORMAL,FALSE,INCREASE,233,6,10.143,INCREASE,2,INCREASE,9818,0,0,0,0,0,0,0,0,69.44
29-05-20,FDS,FALSE,INCREASE,234,1,10,INCREASE,2,INCREASE,10234,0,0,0,0,0,0,0,0,75
30-05-20,FDS,FALSE,INCREASE,244,10,10.857,INCREASE,2,INCREASE,10261,0,0,0,0,0,0,0,0,75
31-05-20,FDS,TRUE,INCREASE,254,10,8.571,DECREASE,2,INCREASE,10878,0,0,0,0,0,0,0,0,75
1/6/2020,FERIADO,TRUE,INCREASE,254,0,6.429,DECREASE,2,INCREASE,10970,0,0,0,0,0,0,0,0,75
2/6/2020,NORMAL,TRUE,INCREASE,307,53,13.429,DECREASE,2,INCREASE,11239,0,0,0,0,0,0,0,0,75
3/6/2020,NORMAL,TRUE,INCREASE,316,9,12.714,DECREASE,2,INCREASE,11572,0,0,0,0,0,0,0,0,75
4/6/2020,NORMAL,TRUE,INCREASE,352,36,17,DECREASE,2,INCREASE,12126,0,0,0,0,0,0,0,0,75
5/6/2020,FDS,TRUE,INCREASE,354,2,17.143,DECREASE,2,INCREASE,12343,0,0,0,0,0,0,0,0,75
6/6/2020,FDS,TRUE,INCREASE,409,55,23.571,DECREASE,2,INCREASE,13398,0,0,0,0,0,0,0,0,75
7/6/2020,FDS,TRUE,DECREASE,424,15,24.286,MAINTAIN,2,INCREASE,14010,0,0,0,0,0,0,0,0,75
8/6/2020,NORMAL,TRUE,DECREASE,433,9,25.571,MAINTAIN,2,INCREASE,14580,0,0,0,0,0,0,0,0,75
9/6/2020,NORMAL,TRUE,DECREASE,453,20,20.857,MAINTAIN,2,INCREASE,15190,0,0,0,0,0,0,0,0,75
10/6/2020,NORMAL,TRUE,DECREASE,472,19,22.286,MAINTAIN,2,INCREASE,15544,0,0,0,0,0,0,0,0,75
11/6/2020,NORMAL,TRUE,DECREASE,489,17,19.571,MAINTAIN,2,INCREASE,16035,0,0,0,0,0,0,0,0,75
12/6/2020,FDS,TRUE,DECREASE,509,20,22.143,MAINTAIN,2,INCREASE,16919,0,0,0,0,0,0,0,0,75
13-06-20,FDS,TRUE,DECREASE,553,44,20.571,MAINTAIN,2,INCREASE,18061,0,0,0,0,0,0,0,0,75
14-06-20,FDS,TRUE,DECREASE,583,30,22.714,INCREASE,3,INCREASE,18620,0,0,0,0,0,0,0,0,75
15-06-20,NORMAL,TRUE,DECREASE,609,26,25.143,INCREASE,3,INCREASE,19581,0,0,0,0,0,0,0,0,75
16-06-20,NORMAL,TRUE,DECREASE,638,29,26.429,INCREASE,4,INCREASE,20263,0,0,0,0,0,0,0,0,75
17-06-20,NORMAL,TRUE,DECREASE,651,13,25.571,INCREASE,4,INCREASE,21014,0,0,0,0,0,0,0,0,75
18-06-20,NORMAL,TRUE,DECREASE,662,11,24.714,INCREASE,4,INCREASE,21780,0,0,0,0,0,0,0,0,75
19-06-20,FDS,TRUE,DECREASE,668,6,22.714,INCREASE,4,INCREASE,22263,0,0,0,0,0,0,0,0,75
20-06-20,FDS,TRUE,DECREASE,688,20,19.286,INCREASE,4,INCREASE,23104,0,0,0,0,0,0,0,0,75
21-06-20,FDS,TRUE,INCREASE,733,45,21.429,DECREASE,5,INCREASE,23760,0,0,0,0,0,0,0,0,75
22-06-20,NORMAL,TRUE,INCREASE,737,4,18.286,DECREASE,5,INCREASE,24348,0,0,0,0,0,0,0,0,75
23-06-20,NORMAL,TRUE,INCREASE,757,20,17,DECREASE,5,INCREASE,25042,0,0,0,0,0,0,0,0,75
24-06-20,NORMAL,TRUE,INCREASE,762,5,15.857,DECREASE,5,INCREASE,25446,0,0,0,0,0,0,0,0,75
25-06-20,FERIADO,TRUE,INCREASE,788,26,18,DECREASE,5,INCREASE,26204,0,0,0,0,0,0,0,0,75
26-06-20,FDS,TRUE,INCREASE,816,28,21.143,DECREASE,5,INCREASE,27123,0,0,0,0,0,0,0,0,75
27-06-20,FDS,TRUE,INCREASE,839,23,21.571,DECREASE,5,INCREASE,27956,0,0,0,0,0,0,0,0,75
28-06-20,FDS,TRUE,DECREASE,859,20,18,INCREASE,5,DECREASE,28647,0,0,0,0,0,0,0,0,75
29-06-20,NORMAL,TRUE,DECREASE,883,24,20.857,INCREASE,6,DECREASE,29404,0,0,0,0,0,0,0,0,75
30-06-20,NORMAL,TRUE,DECREASE,889,6,18.857,INCREASE,6,DECREASE,29577,0,0,0,0,0,0,0,0,80.56
1/7/2020,NORMAL,TRUE,DECREASE,903,14,20.143,INCREASE,6,DECREASE,30334,0,0,0,0,0,0,0,0,80.56
2/7/2020,NORMAL,TRUE,DECREASE,918,15,18.571,INCREASE,6,DECREASE,30939,0,0,0,0,0,0,0,0,80.56
3/7/2020,FDS,TRUE,DECREASE,939,21,17.571,INCREASE,6,DECREASE,31784,0,0,0,0,0,0,0,0,80.56
4/7/2020,FDS,TRUE,DECREASE,969,30,18.571,INCREASE,7,DECREASE,32498,0,0,0,0,0,0,0,0,80.56
5/7/2020,FDS,TRUE,INCREASE,987,18,18.286,MAINTAIN,8,INCREASE,33125,0,0,0,0,0,0,0,0,80.56
6/7/2020,NORMAL,TRUE,INCREASE,1012,25,18.429,MAINTAIN,8,INCREASE,34036,0,0,0,0,0,0,0,0,80.56
7/7/2020,NORMAL,TRUE,INCREASE,1040,28,21.571,MAINTAIN,8,INCREASE,35140,0,0,0,0,0,0,0,0,80.56
8/7/2020,NORMAL,TRUE,INCREASE,1071,31,24,MAINTAIN,8,INCREASE,35696,0,0,0,0,0,0,0,0,80.56
9/7/2020,NORMAL,TRUE,INCREASE,1092,21,24.857,MAINTAIN,9,INCREASE,36698,0,0,0,0,0,0,0,0,80.56
10/7/2020,FDS,TRUE,INCREASE,1111,19,24.571,MAINTAIN,9,INCREASE,38010,0,0,0,0,0,0,0,0,80.56
11/7/2020,FDS,TRUE,INCREASE,1135,24,23.714,MAINTAIN,9,INCREASE,39091,0,0,0,0,0,0,0,0,80.56
12/7/2020,FDS,TRUE,INCREASE,1157,22,24.286,DECREASE,9,DECREASE,40948,0,0,0,0,0,0,0,0,80.56
13-07-20,NORMAL,TRUE,INCREASE,1219,62,29.571,DECREASE,9,DECREASE,40861,0,0,0,0,0,0,0,0,80.56
14-07-20,NORMAL,TRUE,INCREASE,1268,49,32.571,DECREASE,9,DECREASE,41745,0,0,0,0,0,0,0,0,80.56
15-07-20,NORMAL,TRUE,INCREASE,1330,62,37,DECREASE,9,DECREASE,42551,0,0,0,0,0,0,0,0,80.56
16-07-20,NORMAL,TRUE,INCREASE,1383,53,41.571,DECREASE,9,DECREASE,43694,0,0,0,0,0,0,0,0,80.56
17-07-20,FDS,TRUE,INCREASE,1402,19,41.571,DECREASE,9,DECREASE,44222,0,0,0,0,0,0,0,0,80.56
18-07-20,FDS,TRUE,INCREASE,1435,33,42.857,DECREASE,10,DECREASE,45180,0,0,0,0,0,0,0,0,80.56
19-07-20,FDS,TRUE,DECREASE,1491,56,47.714,MAINTAIN,10,INCREASE,46556,0,0,0,0,0,0,0,0,80.56
20-07-20,NORMAL,TRUE,DECREASE,1507,16,41.143,MAINTAIN,11,INCREASE,47787,0,0,0,0,0,0,0,0,80.56
21-07-20,NORMAL,TRUE,DECREASE,1536,29,38.286,MAINTAIN,11,INCREASE,48653,0,0,0,0,0,0,0,0,80.56
22-07-20,NORMAL,TRUE,DECREASE,1557,21,32.429,MAINTAIN,11,INCREASE,49492,0,0,0,0,0,0,0,0,80.56
23-07-20,NORMAL,TRUE,DECREASE,1582,25,28.429,MAINTAIN,11,INCREASE,50121,0,0,0,0,0,0,0,0,80.56
24-07-20,FDS,TRUE,DECREASE,1590,8,26.857,MAINTAIN,11,INCREASE,50853,0,0,0,0,0,0,0,0,80.56
25-07-20,FDS,TRUE,DECREASE,1616,26,25.857,MAINTAIN,11,INCREASE,51444,0,0,0,0,0,0,0,0,80.56
26-07-20,FDS,TRUE,INCREASE,1669,53,25.429,MAINTAIN,11,INCREASE,52422,0,0,0,0,0,0,0,0,80.56
27-07-20,NORMAL,TRUE,INCREASE,1701,32,27.714,MAINTAIN,11,INCREASE,53465,0,0,0,0,0,0,0,0,80.56
28-07-20,NORMAL,TRUE,INCREASE,1720,19,26.286,MAINTAIN,11,INCREASE,54081,0,0,0,0,0,0,0,0,80.56
29-07-20,NORMAL,TRUE,INCREASE,1748,28,27.286,MAINTAIN,11,INCREASE,55211,0,0,0,0,0,0,0,0,57.41
30-07-20,NORMAL,FALSE,INCREASE,1808,60,32.286,MAINTAIN,11,INCREASE,56160,0,0,0,0,0,0,0,0,57.41
31-07-20,FDS,FALSE,INCREASE,1864,56,39.143,MAINTAIN,11,INCREASE,57730,0,0,0,0,0,0,0,0,57.41
1/8/2020,FDS,FALSE,INCREASE,1907,43,41.571,MAINTAIN,12,INCREASE,58911,0,0,0,0,0,0,0,0,57.41
2/8/2020,FDS,FALSE,INCREASE,1946,39,39.571,INCREASE,13,INCREASE,59642,0,0,0,0,0,0,0,0,57.41
3/8/2020,NORMAL,FALSE,INCREASE,1973,27,38.857,INCREASE,14,INCREASE,60473,0,0,0,0,0,0,0,0,57.41
4/8/2020,NORMAL,FALSE,INCREASE,2029,56,44.143,INCREASE,15,INCREASE,62373,0,0,0,0,0,0,0,0,57.41
5/8/2020,NORMAL,FALSE,INCREASE,2079,50,47.286,INCREASE,15,INCREASE,63725,0,0,0,0,0,0,0,0,57.41
6/8/2020,NORMAL,FALSE,INCREASE,2120,41,44.571,INCREASE,15,INCREASE,65151,0,0,0,0,0,0,0,0,57.41
7/8/2020,FDS,FALSE,INCREASE,2213,93,49.857,INCREASE,15,INCREASE,66542,0,0,0,0,0,0,0,0,76.85
8/8/2020,FDS,FALSE,INCREASE,2241,28,47.714,INCREASE,16,INCREASE,67403,0,0,0,0,0,0,0,0,80.56
9/8/2020,FDS,FALSE,INCREASE,2269,28,46.143,DECREASE,16,INCREASE,68686,0,0,0,0,0,0,0,0,80.56
10/8/2020,NORMAL,FALSE,INCREASE,2411,142,62.571,DECREASE,16,INCREASE,70459,0,0,0,0,0,0,0,0,80.56
11/8/2020,NORMAL,FALSE,INCREASE,2481,70,64.571,DECREASE,17,INCREASE,71351,0,0,0,0,0,0,0,0,80.56
12/8/2020,NORMAL,FALSE,INCREASE,2559,78,68.571,DECREASE,19,INCREASE,72461,0,0,0,0,0,0,0,0,80.56
13-08-20,NORMAL,FALSE,INCREASE,2638,79,74,DECREASE,19,INCREASE,73479,0,0,0,0,0,0,0,0,80.56
14-08-20,FDS,FALSE,INCREASE,2708,70,70.714,DECREASE,19,INCREASE,75430,0,0,0,0,0,0,0,0,80.56
15-08-20,FDS,FALSE,INCREASE,2791,83,78.571,DECREASE,19,INCREASE,76614,0,0,0,0,0,0,0,0,80.56
16-08-20,FDS,FALSE,DECREASE,2855,64,83.714,DECREASE,19,DECREASE,77584,0,0,0,0,0,0,0,0,80.56
17-08-20,NORMAL,FALSE,DECREASE,2914,59,71.857,DECREASE,19,DECREASE,78877,0,0,0,0,0,0,0,0,80.56
18-08-20,NORMAL,FALSE,DECREASE,2991,77,72.857,DECREASE,19,DECREASE,79504,0,0,0,0,0,0,0,0,76.85
19-08-20,NORMAL,FALSE,DECREASE,3045,54,69.429,DECREASE,19,DECREASE,80913,0,0,0,0,0,0,0,0,76.85
20-08-20,NORMAL,FALSE,DECREASE,3115,70,68.143,DECREASE,20,DECREASE,82264,0,0,0,0,0,0,0,0,76.85
21-08-20,FDS,FALSE,DECREASE,3195,80,69.571,DECREASE,20,DECREASE,83886,0,0,0,0,0,0,0,0,74.07
22-08-20,FDS,FALSE,DECREASE,3304,109,73.286,DECREASE,20,DECREASE,85137,0,0,0,0,0,0,0,0,74.07
23-08-20,FDS,FALSE,DECREASE,3395,91,77.143,INCREASE,20,DECREASE,86549,0,0,0,0,0,0,0,0,74.07
24-08-20,NORMAL,FALSE,DECREASE,3440,45,75.143,INCREASE,21,DECREASE,87565,0,0,0,0,0,0,0,0,74.07
25-08-20,NORMAL,FALSE,DECREASE,3508,68,73.857,INCREASE,21,DECREASE,89158,0,0,0,0,0,0,0,0,74.07
26-08-20,NORMAL,FALSE,DECREASE,3590,82,77.857,INCREASE,21,DECREASE,90566,0,0,0,0,0,0,0,0,74.07
27-08-20,NORMAL,FALSE,DECREASE,3651,61,76.571,INCREASE,21,DECREASE,91130,0,0,0,0,0,0,0,0,74.07
28-08-20,FDS,FALSE,DECREASE,3697,46,71.714,INCREASE,21,DECREASE,92046,0,0,0,0,0,0,0,0,74.07
29-08-20,FDS,FALSE,DECREASE,3760,63,65.143,INCREASE,22,DECREASE,92998,0,0,0,0,0,0,0,0,74.07
30-08-20,FDS,FALSE,INCREASE,3821,61,60.857,INCREASE,23,INCREASE,94696,0,0,0,0,0,0,0,0,74.07
31-08-20,NORMAL,FALSE,INCREASE,3916,95,68,INCREASE,23,INCREASE,96387,0,0,0,0,0,0,0,0,74.07
1/9/2020,NORMAL,FALSE,INCREASE,4039,123,75.857,INCREASE,23,INCREASE,98455,0,0,0,0,0,0,0,0,74.07
2/9/2020,NORMAL,FALSE,INCREASE,4117,78,75.286,INCREASE,25,INCREASE,99365,0,0,0,0,0,0,0,0,74.07
3/9/2020,NORMAL,FALSE,INCREASE,4207,90,79.429,INCREASE,26,INCREASE,100873,0,0,0,0,0,0,0,0,74.07
4/9/2020,FDSLONG,FALSE,INCREASE,4265,58,81.143,INCREASE,26,INCREASE,101888,0,0,0,0,0,0,0,0,74.07
5/9/2020,FDSLONG,FALSE,INCREASE,4341,76,83,INCREASE,26,INCREASE,102456,0,0,0,0,0,0,0,0,74.07
6/9/2020,FDSLONG,FALSE,INCREASE,4444,103,89,INCREASE,27,INCREASE,104376,0,0,0,0,0,0,0,0,74.07
7/9/2020,FDSLONG,FALSE,INCREASE,4557,113,91.571,INCREASE,27,INCREASE,106382,0,0,0,0,0,0,0,0,74.07
8/9/2020,NORMAL,FALSE,INCREASE,4647,90,86.857,INCREASE,28,INCREASE,107083,0,0,0,0,0,0,0,0,74.07
9/9/2020,NORMAL,FALSE,INCREASE,4764,117,92.429,INCREASE,28,INCREASE,107758,0,0,0,0,0,0,0,0,74.07
10/9/2020,NORMAL,FALSE,INCREASE,4832,68,89.286,INCREASE,31,INCREASE,108745,0,0,0,0,0,0,0,0,74.07
11/9/2020,FDS,FALSE,INCREASE,4918,86,93.286,INCREASE,31,INCREASE,110310,0,0,0,0,0,0,0,0,74.07
12/9/2020,FDS,FALSE,INCREASE,5040,122,99.857,INCREASE,35,INCREASE,112238,0,0,0,0,0,0,0,0,74.07
13-09-20,FDS,FALSE,INCREASE,5269,229,117.857,DECREASE,35,INCREASE,114333,0,0,0,0,0,0,0,0,74.07
14-09-20,NORMAL,FALSE,INCREASE,5482,213,132.143,DECREASE,35,INCREASE,115588,0,0,0,0,0,0,0,0,74.07
15-09-20,NORMAL,FALSE,INCREASE,5713,231,152.286,DECREASE,37,INCREASE,117029,0,0,0,0,0,0,0,0,74.07
16-09-20,NORMAL,FALSE,INCREASE,5994,281,175.714,DECREASE,39,INCREASE,118657,0,0,0,0,0,0,0,0,74.07
17-09-20,NORMAL,FALSE,INCREASE,6161,167,189.857,DECREASE,39,INCREASE,119689,0,0,0,0,0,0,0,0,74.07
18-09-20,FDS,FALSE,INCREASE,6264,103,192.286,DECREASE,40,INCREASE,121398,0,0,0,0,0,0,0,0,74.07
19-09-20,FDS,FALSE,INCREASE,6537,273,213.857,DECREASE,41,INCREASE,123212,0,0,0,0,0,0,0,0,74.07
20-09-20,FDS,FALSE,DECREASE,6771,234,214.571,INCREASE,43,DECREASE,124785,0,0,0,0,0,0,0,0,74.07
21-09-20,NORMAL,FALSE,DECREASE,6912,141,204.286,INCREASE,44,DECREASE,125633,0,0,0,0,0,0,0,0,74.07
22-09-20,NORMAL,FALSE,DECREASE,7114,202,200.143,INCREASE,45,DECREASE,127378,0,0,0,0,0,0,0,0,74.07
23-09-20,NORMAL,FALSE,DECREASE,7262,148,181.143,INCREASE,49,DECREASE,128805,0,0,0,0,0,0,0,0,74.07
24-09-20,NORMAL,FALSE,DECREASE,7399,137,176.857,INCREASE,51,DECREASE,130060,0,0,0,0,0,0,0,0,74.07
25-09-20,FDSLONG,FALSE,DECREASE,7589,190,189.286,INCREASE,53,DECREASE,131579,0,0,0,0,0,0,0,0,74.07
26-09-20,FDSLONG,FALSE,DECREASE,7757,168,174.286,INCREASE,54,DECREASE,132979,0,0,0,0,0,0,0,0,74.07
27-09-20,FDSLONG,FALSE,INCREASE,7983,226,173.143,DECREASE,58,INCREASE,134011,0,0,0,0,0,0,0,0,74.07
28-09-20,NORMAL,FALSE,INCREASE,8288,305,196.571,DECREASE,59,INCREASE,135406,0,0,0,0,0,0,0,0,74.07
29-09-20,NORMAL,FALSE,INCREASE,8556,268,206,DECREASE,59,INCREASE,136683,0,0,0,0,0,0,0,0,74.07
30-09-20,NORMAL,FALSE,INCREASE,8728,172,209.429,DECREASE,61,INCREASE,138386,0,0,0,0,0,0,0,0,74.07
1/10/2020,NORMAL,FALSE,INCREASE,8888,160,212.714,DECREASE,62,INCREASE,140310,0,0,0,0,0,0,0,0,70.37
2/10/2020,FDS,FALSE,INCREASE,8979,91,198.571,DECREASE,64,INCREASE,142028,0,0,0,0,0,0,0,0,70.37
3/10/2020,FDS,FALSE,INCREASE,9049,70,184.571,DECREASE,64,INCREASE,143281,0,0,0,0,0,0,0,0,70.37
4/10/2020,FERIADO,FALSE,DECREASE,9196,147,173.286,DECREASE,66,DECREASE,144618,0,0,0,0,0,0,0,0,70.37
5/10/2020,NORMAL,FALSE,DECREASE,9296,100,144,DECREASE,66,DECREASE,146106,0,0,0,0,0,0,0,0,70.37
6/10/2020,NORMAL,FALSE,DECREASE,9398,102,120.286,DECREASE,67,DECREASE,147458,0,0,0,0,0,0,0,0,70.37
7/10/2020,NORMAL,FALSE,DECREASE,9494,96,109.429,DECREASE,68,DECREASE,148538,0,0,0,0,0,0,0,0,70.37
8/10/2020,NORMAL,FALSE,DECREASE,9639,145,107.286,DECREASE,68,DECREASE,150007,0,0,0,0,0,0,0,0,70.37
9/10/2020,FDS,FALSE,DECREASE,9742,103,109,DECREASE,69,DECREASE,151813,0,0,0,0,0,0,0,0,70.37
10/10/2020,FDS,FALSE,DECREASE,9844,102,113.571,DECREASE,70,DECREASE,152976,0,0,0,0,0,0,0,0,70.37
11/10/2020,FDS,FALSE,INCREASE,10001,157,115,DECREASE,71,INCREASE,153915,0,0,0,0,0,0,0,0,70.37
12/10/2020,NORMAL,FALSE,INCREASE,10088,87,113.143,DECREASE,72,INCREASE,155202,0,0,0,0,0,0,0,0,70.37
13-10-20,NORMAL,FALSE,INCREASE,10258,170,122.857,DECREASE,73,INCREASE,159334,0,0,0,0,0,0,0,0,70.37
14-10-20,NORMAL,FALSE,INCREASE,10392,134,128.286,DECREASE,73,INCREASE,160722,0,0,0,0,0,0,0,0,70.37
15-10-20,NORMAL,FALSE,INCREASE,10537,145,128.286,DECREASE,73,INCREASE,162335,0,0,0,0,0,0,0,0,70.37
16-10-20,FDS,FALSE,INCREASE,10612,75,124.286,DECREASE,73,INCREASE,164361,0,0,0,0,0,0,0,0,70.37
17-10-20,FDS,FALSE,INCREASE,10707,95,123.286,DECREASE,74,INCREASE,165671,0,0,0,0,0,0,0,0,70.37
18-10-20,FDS,FALSE,INCREASE,10866,159,123.571,INCREASE,75,INCREASE,167051,0,0,0,0,0,0,0,0,70.37
19-10-20,NORMAL,FALSE,INCREASE,11080,214,141.714,INCREASE,75,INCREASE,167816,0,0,0,0,0,0,0,0,70.37
20-10-20,NORMAL,FALSE,INCREASE,11190,110,133.143,INCREASE,78,INCREASE,168971,0,0,0,0,0,0,0,0,70.37
21-10-20,NORMAL,FALSE,INCREASE,11331,141,134.143,INCREASE,79,INCREASE,169947,0,0,0,0,0,0,0,0,70.37
22-10-20,NORMAL,FALSE,INCREASE,11559,228,146,INCREASE,81,INCREASE,175870,0,0,0,0,0,0,0,0,59.26
23-10-20,FDS,FALSE,INCREASE,11748,189,162.286,INCREASE,82,INCREASE,177287,0,0,0,0,0,0,0,0,59.26
24-10-20,FDS,FALSE,INCREASE,11895,147,169.714,INCREASE,85,INCREASE,178561,0,0,0,0,0,0,0,0,59.26
25-10-20,FDS,FALSE,DECREASE,11986,91,160,DECREASE,86,DECREASE,180557,0,0,0,0,0,0,0,0,59.26
26-10-20,NORMAL,FALSE,DECREASE,12161,175,154.429,DECREASE,88,DECREASE,181772,0,0,0,0,0,0,0,0,59.26
27-10-20,NORMAL,FALSE,DECREASE,12273,112,154.714,DECREASE,89,DECREASE,181772,0,0,0,0,0,0,0,0,59.26
28-10-20,NORMAL,FALSE,DECREASE,12415,142,154.857,DECREASE,91,DECREASE,184284,0,0,0,0,0,0,0,0,59.26
29-10-20,NORMAL,FALSE,DECREASE,12525,110,138,DECREASE,91,DECREASE,185273,0,0,0,0,0,0,0,0,56.48
30-10-20,FDS,FALSE,DECREASE,12777,252,147,DECREASE,91,DECREASE,187499,0,0,0,0,0,0,0,0,56.48
31-10-20,FDS,FALSE,DECREASE,12869,92,139.143,DECREASE,92,DECREASE,188511,0,0,0,0,0,0,0,0,56.48
1/11/2020,FDS,FALSE,DECREASE,12988,119,143.143,MAINTAIN,93,INCREASE,189990,0,0,0,0,0,0,0,0,56.48
2/11/2020,NORMAL,FALSE,DECREASE,13130,142,138.429,MAINTAIN,94,INCREASE,191353,0,0,0,0,0,0,0,0,56.48
3/11/2020,NORMAL,FALSE,DECREASE,13202,72,132.714,MAINTAIN,95,INCREASE,192285,0,0,0,0,0,0,0,0,56.48
4/11/2020,NORMAL,FALSE,DECREASE,13283,81,124,MAINTAIN,95,INCREASE,194146,0,0,0,0,0,0,0,0,56.48
5/11/2020,NORMAL,FALSE,DECREASE,13391,108,123.714,MAINTAIN,97,INCREASE,195643,0,0,0,0,0,0,0,0,55.09
6/11/2020,FDS,FALSE,DECREASE,13485,94,101.143,MAINTAIN,99,INCREASE,196793,0,0,0,0,0,0,0,0,55.09
7/11/2020,FDS,FALSE,DECREASE,13577,92,101.143,MAINTAIN,99,INCREASE,198863,0,0,0,0,0,0,0,0,55.09
8/11/2020,FDS,FALSE,INCREASE,13768,191,111.429,INCREASE,99,INCREASE,200946,0,0,0,0,0,0,0,0,55.09
9/11/2020,NORMAL,FALSE,INCREASE,13823,55,99,INCREASE,99,INCREASE,202742,0,0,0,0,0,0,0,0,55.09
10/11/2020,NORMAL,FALSE,INCREASE,13892,69,98.571,INCREASE,99,INCREASE,204650,0,0,0,0,0,0,0,0,55.09
11/11/2020,NORMAL,FALSE,INCREASE,13991,99,101.143,INCREASE,104,INCREASE,205952,0,0,0,0,0,0,0,0,55.09
12/11/2020,NORMAL,FALSE,INCREASE,14094,103,100.429,INCREASE,104,INCREASE,206796,0,0,0,0,0,0,0,0,55.09
13-11-20,FDS,FALSE,INCREASE,14227,133,106,INCREASE,110,INCREASE,208123,0,0,0,0,0,0,0,0,55.09
14-11-20,FDS,FALSE,INCREASE,14340,113,109,INCREASE,110,INCREASE,209696,0,0,0,0,0,0,0,0,56.48
15-11-20,FDS,FALSE,DECREASE,14448,108,97.143,INCREASE,113,DECREASE,210599,0,0,0,0,0,0,0,0,56.48
16-11-20,NORMAL,FALSE,DECREASE,14514,66,98.714,INCREASE,116,DECREASE,211809,0,0,0,0,0,0,0,0,56.48
17-11-20,NORMAL,FALSE,DECREASE,14566,52,96.286,INCREASE,118,DECREASE,213115,0,0,0,0,0,0,0,0,56.48
18-11-20,NORMAL,FALSE,DECREASE,14629,63,91.143,INCREASE,119,DECREASE,214935,0,0,0,0,0,0,0,0,56.48
19-11-20,NORMAL,FALSE,DECREASE,14723,94,89.857,INCREASE,120,DECREASE,216448,0,0,0,0,0,0,0,0,56.48
20-11-20,FDS,FALSE,DECREASE,14877,154,92.857,INCREASE,121,DECREASE,218726,0,0,0,0,0,0,0,0,56.48
21-11-20,FDS,FALSE,DECREASE,14981,104,91.571,INCREASE,123,DECREASE,220268,0,0,0,0,0,0,0,0,56.48
22-11-20,FDS,FALSE,DECREASE,15037,56,84.143,DECREASE,124,DECREASE,222321,0,0,0,0,0,0,0,0,56.48
23-11-20,NORMAL,FALSE,DECREASE,15109,72,85,DECREASE,126,DECREASE,223235,0,0,0,0,0,0,0,0,56.48
24-11-20,NORMAL,FALSE,DECREASE,15231,122,95,DECREASE,127,DECREASE,224854,0,0,0,0,0,0,0,0,56.48
25-11-20,NORMAL,FALSE,DECREASE,15302,71,96.143,DECREASE,128,DECREASE,225762,0,0,0,0,0,0,0,0,56.48
26-11-20,NORMAL,FALSE,DECREASE,15467,165,106.286,DECREASE,128,DECREASE,227185,0,0,0,0,0,0,0,0,56.48
27-11-20,FDS,FALSE,DECREASE,15506,39,89.857,DECREASE,128,DECREASE,228683,0,0,0,0,0,0,0,0,56.48
28-11-20,FDS,FALSE,DECREASE,15586,80,86.429,DECREASE,129,DECREASE,229455,0,0,0,0,0,0,0,0,56.48
29-11-20,FDS,FALSE,DECREASE,15613,27,82.286,DECREASE,130,DECREASE,230490,0,0,0,0,0,0,0,0,56.48
30-11-20,NORMAL,FALSE,DECREASE,15701,88,84.571,DECREASE,131,DECREASE,231131,0,0,0,0,0,0,0,0,56.48
1/12/2020,NORMAL,FALSE,DECREASE,15770,69,77,DECREASE,131,DECREASE,232684,0,0,0,0,0,0,0,0,56.48
2/12/2020,NORMAL,FALSE,DECREASE,15866,96,80.571,DECREASE,132,DECREASE,234514,0,0,0,0,0,0,0,0,56.48
3/12/2020,NORMAL,FALSE,DECREASE,15918,52,64.429,DECREASE,132,DECREASE,235439,0,0,0,0,0,0,0,0,56.48
4/12/2020,FDS,FALSE,DECREASE,16038,120,76,DECREASE,133,DECREASE,236555,0,0,0,0,0,0,0,0,56.48
5/12/2020,FDS,FALSE,DECREASE,16133,95,78.143,DECREASE,133,DECREASE,237408,0,0,0,0,0,0,0,0,56.48
6/12/2020,FDS,FALSE,INCREASE,16244,111,90.143,INCREASE,133,INCREASE,238362,0,0,0,0,0,0,0,0,56.48
7/12/2020,NORMAL,FALSE,INCREASE,16326,82,89.286,INCREASE,136,INCREASE,239164,0,0,0,0,0,0,0,0,56.48
8/12/2020,NORMAL,FALSE,INCREASE,16373,47,86.143,INCREASE,136,INCREASE,239810,0,0,0,0,0,0,0,0,56.48
9/12/2020,NORMAL,FALSE,INCREASE,16440,67,82,INCREASE,138,INCREASE,241226,0,0,0,0,0,0,0,0,56.48
10/12/2020,NORMAL,FALSE,INCREASE,16521,81,86.143,INCREASE,139,INCREASE,243314,0,0,0,0,0,0,0,0,56.48
11/12/2020,FDS,FALSE,INCREASE,16680,159,91.714,INCREASE,139,INCREASE,245388,0,0,0,0,0,0,0,0,56.48
12/12/2020,FDS,FALSE,INCREASE,16812,132,97,INCREASE,140,INCREASE,247448,0,0,0,0,0,0,0,0,53.7
13-12-20,FDS,FALSE,DECREASE,16954,142,101.429,MAINTAIN,142,DECREASE,248476,0,0,0,0,0,0,0,0,53.7
14-12-20,NORMAL,FALSE,DECREASE,17002,48,96.571,MAINTAIN,143,DECREASE,249302,0,0,0,0,0,0,0,0,53.7
15-12-20,NORMAL,FALSE,DECREASE,17042,40,95.571,MAINTAIN,144,DECREASE,249773,0,0,0,0,0,0,0,0,53.7
16-12-20,NORMAL,FALSE,DECREASE,17143,101,100.429,MAINTAIN,145,DECREASE,251609,0,0,0,0,0,0,0,0,53.7
17-12-20,NORMAL,FALSE,DECREASE,17256,113,105,MAINTAIN,145,DECREASE,253364,0,0,0,0,0,0,0,0,53.7
18-12-20,FDS,FALSE,DECREASE,17338,82,94,MAINTAIN,146,DECREASE,254750,0,0,0,0,0,0,0,0,53.7
19-12-20,FDS,FALSE,DECREASE,17477,139,95,MAINTAIN,147,DECREASE,256524,0,0,0,0,0,0,0,0,50
20-12-20,FDS,FALSE,INCREASE,17568,91,87.714,INCREASE,148,INCREASE,257648,0,0,0,0,0,0,0,0,50
21-12-20,NORMAL,FALSE,INCREASE,17695,127,99,INCREASE,149,INCREASE,258914,0,0,0,0,0,0,0,0,50
22-12-20,NORMAL,FALSE,INCREASE,17767,72,103.571,INCREASE,150,INCREASE,260139,0,0,0,0,0,0,0,0,50
23-12-20,NORMAL,FALSE,INCREASE,17767,0,89.143,INCREASE,150,INCREASE,261727,0,0,0,0,0,0,0,0,50
24-12-20,FDSLONG,FALSE,INCREASE,18031,264,110.714,INCREASE,156,INCREASE,263522,0,0,0,0,0,0,0,0,50
25-12-20,FDSLONG,FALSE,INCREASE,18108,77,110,INCREASE,156,INCREASE,265127,0,0,0,0,0,0,0,0,50
26-12-20,FDSLONG,FALSE,INCREASE,18162,54,97.857,INCREASE,159,INCREASE,265739,0,0,0,0,0,0,0,0,50
27-12-20,FDSLONG,FALSE,INCREASE,18265,103,99.571,DECREASE,161,DECREASE,266841,0,0,0,0,0,0,0,0,50
28-12-20,NORMAL,FALSE,INCREASE,18310,45,87.857,DECREASE,162,DECREASE,267599,0,0,0,0,0,0,0,0,50
29-12-20,NORMAL,FALSE,INCREASE,18372,62,86.429,DECREASE,162,DECREASE,268576,0,0,0,0,0,0,0,0,50
30-12-20,NORMAL,FALSE,INCREASE,18485,113,102.571,DECREASE,165,DECREASE,270250,0,0,0,0,0,0,0,0,50
31-12-20,FDSLONG,FALSE,INCREASE,18642,157,87.286,DECREASE,166,DECREASE,271947,0,0,0,0,0,0,0,0,50
1/1/2021,FDSLONG,FALSE,INCREASE,18794,152,98,DECREASE,167,DECREASE,273329,0,0,0,0,0,0,0,0,50
2/1/2021,FDSLONG,FALSE,INCREASE,18968,174,115.143,DECREASE,168,DECREASE,273329,0,0,0,0,0,0,0,0,50
3/1/2021,FDSLONG,FALSE,INCREASE,19309,341,149.143,INCREASE,169,INCREASE,273329,0,0,0,0,0,0,0,0,50
4/1/2021,NORMAL,FALSE,INCREASE,19463,154,164.714,INCREASE,171,INCREASE,277452,0,0,0,0,0,0,0,0,50
5/1/2021,NORMAL,FALSE,INCREASE,19542,79,167.143,INCREASE,171,INCREASE,278701,0,0,0,0,0,0,0,0,50
6/1/2021,NORMAL,FALSE,INCREASE,19667,125,168.857,INCREASE,172,INCREASE,279453,0,0,0,0,0,0,0,0,50
7/1/2021,NORMAL,FALSE,INCREASE,19961,294,188.429,INCREASE,176,INCREASE,280786,0,0,0,0,0,0,0,0,50
8/1/2021,FDS,FALSE,INCREASE,20482,521,241.143,INCREASE,181,INCREASE,283058,0,0,0,0,0,0,0,0,50
9/1/2021,FDS,FALSE,INCREASE,21361,879,341.857,INCREASE,187,INCREASE,286249,0,0,0,0,0,0,0,0,50
10/1/2021,FDS,FALSE,INCREASE,21939,578,375.714,INCREASE,192,INCREASE,288674,0,0,0,0,0,0,0,0,50
11/1/2021,NORMAL,FALSE,INCREASE,22334,395,410.143,INCREASE,197,INCREASE,290733,0,0,0,0,0,0,0,0,50
12/1/2021,NORMAL,FALSE,INCREASE,22996,662,493.429,INCREASE,201,INCREASE,293201,0,0,0,0,0,0,0,0,50
13-01-21,NORMAL,FALSE,INCREASE,23726,730,579.857,INCREASE,205,INCREASE,295222,0,0,0,0,0,0,0,0,50
14-01-21,NORMAL,FALSE,INCREASE,24269,543,615.429,INCREASE,211,INCREASE,296922,0,0,0,0,0,0,0,0,50
15-01-21,FDS,TRUE,INCREASE,25004,735,646,INCREASE,216,INCREASE,298575,0,0,0,0,0,0,0,0,59.26
16-01-21,FDS,TRUE,INCREASE,25862,858,643,INCREASE,234,INCREASE,301754,0,0,0,0,0,0,0,0,59.26
17-01-21,FDS,TRUE,INCREASE,26551,689,658.857,INCREASE,241,INCREASE,304511,0,0,0,0,0,0,0,0,59.26
18-01-21,NORMAL,TRUE,INCREASE,27446,895,730.286,INCREASE,249,INCREASE,306344,0,0,0,0,0,0,0,0,59.26
19-01-21,NORMAL,TRUE,INCREASE,28270,824,753.429,INCREASE,253,INCREASE,308913,0,0,0,0,0,0,0,0,59.26
20-01-21,NORMAL,TRUE,INCREASE,29396,1126,810,INCREASE,271,INCREASE,313119,0,0,0,0,0,0,0,0,59.26
21-01-21,NORMAL,TRUE,INCREASE,30225,829,850.857,INCREASE,283,INCREASE,316171,0,0,0,0,0,0,0,0,59.26
22-01-21,FDS,TRUE,INCREASE,30848,623,834.857,INCREASE,290,INCREASE,319169,0,0,0,0,0,0,0,0,59.26
23-01-21,FDS,TRUE,INCREASE,31628,780,823.714,INCREASE,297,INCREASE,321960,0,0,0,0,0,0,0,0,59.26
24-01-21,FDS,TRUE,INCREASE,32418,790,838.143,INCREASE,305,DECREASE,324868,0,0,0,0,0,0,0,0,59.26
25-01-21,NORMAL,TRUE,INCREASE,32781,363,762.143,INCREASE,363,DECREASE,325910,0,0,0,0,0,0,0,0,59.26
26-01-21,NORMAL,TRUE,INCREASE,34055,1274,826.429,INCREASE,329,DECREASE,328890,0,0,0,0,0,0,0,0,59.26
27-01-21,NORMAL,TRUE,INCREASE,34926,871,790,INCREASE,336,DECREASE,331929,0,0,0,0,0,0,0,0,59.26
28-01-21,NORMAL,TRUE,INCREASE,35833,907,801.143,INCREASE,347,DECREASE,334351,0,0,0,0,0,0,0,0,59.26
29-01-21,FDS,TRUE,INCREASE,37108,1275,894.286,INCREASE,356,DECREASE,338927,0,0,0,0,0,0,0,0,59.26
30-01-21,FDS,TRUE,INCREASE,37705,597,868.143,INCREASE,363,DECREASE,341004,0,0,0,0,0,0,0,0,59.26
31-01-21,FDS,TRUE,INCREASE,38654,949,890.857,INCREASE,367,INCREASE,344825,0,0,0,0,0,0,0,0,59.26
1/2/2021,NORMAL,TRUE,INCREASE,39460,806,954.143,INCREASE,386,INCREASE,347710,0,0,0,0,0,0,0,0,59.26
2/2/2021,NORMAL,TRUE,INCREASE,40260,800,886.429,INCREASE,403,INCREASE,350352,0,0,0,0,0,0,0,0,59.26
3/2/2021,FERIADO,TRUE,INCREASE,41433,1173,929.571,INCREASE,415,INCREASE,353703,0,0,0,0,0,0,0,0,59.26
4/2/2021,NORMAL,TRUE,INCREASE,42488,1055,950.714,INCREASE,427,INCREASE,356317,0,0,0,0,0,0,0,0,59.26
5/2/2021,FDS,TRUE,INCREASE,43184,696,868,INCREASE,436,INCREASE,358591,0,0,0,0,0,0,0,0,59.26
6/2/2021,FDS,TRUE,INCREASE,44112,928,915.286,INCREASE,451,INCREASE,361142,0,0,0,0,0,0,0,0,59.26
7/2/2021,FDS,TRUE,DECREASE,44600,488,849.429,DECREASE,460,DECREASE,363047,0,0,0,0,0,0,0,0,59.26
8/2/2021,NORMAL,TRUE,DECREASE,44912,312,778.857,DECREASE,465,DECREASE,364870,0,0,0,0,0,0,0,0,59.26
9/2/2021,NORMAL,TRUE,DECREASE,45785,873,789.286,DECREASE,480,DECREASE,367994,0,0,0,0,0,0,0,0,59.26
10/2/2021,NORMAL,TRUE,DECREASE,46736,951,757.571,DECREASE,486,DECREASE,370782,0,0,0,0,0,0,0,0,59.26
11/2/2021,NORMAL,TRUE,DECREASE,47790,1054,757.429,DECREASE,501,DECREASE,374520,0,0,0,0,0,0,0,0,62.96
12/2/2021,FDS,TRUE,DECREASE,48588,798,772,DECREASE,514,DECREASE,377127,0,0,0,0,0,0,0,0,62.96
13-02-21,FDS,TRUE,DECREASE,49135,547,717.571,DECREASE,525,DECREASE,380622,0,0,0,0,0,0,0,0,62.96
14-02-21,FDS,TRUE,INCREASE,50265,1130,809.286,DECREASE,535,INCREASE,383085,0,0,0,0,0,0,0,0,62.96
15-02-21,NORMAL,TRUE,INCREASE,50691,426,825.571,DECREASE,547,INCREASE,384934,0,0,0,0,0,0,0,0,62.96
16-02-21,NORMAL,TRUE,INCREASE,51800,1109,859.286,DECREASE,551,INCREASE,388277,0,0,0,0,0,0,0,0,62.96
17-02-21,NORMAL,TRUE,INCREASE,52629,829,841.857,DECREASE,561,INCREASE,392060,0,0,0,0,0,0,0,0,62.96
18-02-21,NORMAL,TRUE,INCREASE,53527,898,819.571,DECREASE,571,INCREASE,395766,0,0,0,0,0,0,0,0,62.96
19-02-21,FDS,TRUE,INCREASE,54204,677,802.286,DECREASE,583,INCREASE,398598,0,0,0,0,0,0,0,0,62.96
20-02-21,FDS,TRUE,INCREASE,54968,764,833.286,DECREASE,587,INCREASE,401368,0,0,0,0,0,0,0,0,62.96
21-02-21,FDS,TRUE,DECREASE,55643,675,768.286,DECREASE,595,DECREASE,404213,0,0,0,0,0,0,0,0,62.96
22-02-21,NORMAL,TRUE,DECREASE,56160,517,781.286,DECREASE,599,DECREASE,406550,0,0,0,0,0,0,0,0,62.96
23-02-21,NORMAL,TRUE,DECREASE,56595,435,685,DECREASE,606,DECREASE,408510,0,0,0,0,0,0,0,0,62.96
24-02-21,NORMAL,TRUE,DECREASE,56920,325,613,DECREASE,608,DECREASE,410066,0,0,0,0,0,0,0,0,62.96
25-02-21,NORMAL,TRUE,DECREASE,57597,677,581.429,DECREASE,613,DECREASE,413982,0,0,0,0,0,0,0,0,62.96
26-02-21,FDS,TRUE,DECREASE,58218,621,573.429,DECREASE,613,DECREASE,417081,0,0,0,0,0,0,0,0,62.96
27-02-21,FDS,TRUE,DECREASE,58772,554,543.429,DECREASE,630,DECREASE,420600,0,0,0,0,0,0,0,0,62.96
28-02-21,FDS,TRUE,DECREASE,59350,578,529.571,INCREASE,641,DECREASE,423338,0,0,0,0,0,0,0,0,62.96
1/3/2021,NORMAL,TRUE,DECREASE,59607,257,492.429,INCREASE,653,DECREASE,424885,0,0,0,0,0,0,0,0,62.96
2/3/2021,NORMAL,TRUE,DECREASE,59914,307,474.143,INCREASE,665,DECREASE,426628,0,0,0,0,0,0,0,0,62.96
3/3/2021,NORMAL,TRUE,DECREASE,60395,481,496.429,INCREASE,668,DECREASE,428868,0,0,0,0,0,0,0,0,62.96
4/3/2021,NORMAL,TRUE,DECREASE,61170,775,510.429,INCREASE,674,DECREASE,433264,0,0,0,0,0,0,0,0,62.96
5/3/2021,FDS,TRUE,DECREASE,61529,359,473,INCREASE,680,DECREASE,435906,0,0,0,0,0,0,0,0,62.96
6/3/2021,FDS,TRUE,DECREASE,62131,602,479.857,INCREASE,686,DECREASE,438464,0,0,0,0,0,0,0,0,62.96
7/3/2021,FDS,TRUE,DECREASE,62520,389,452.857,DECREASE,693,DECREASE,441121,0,0,0,0,0,0,0,0,55.56
8/3/2021,NORMAL,TRUE,DECREASE,62703,183,442.286,DECREASE,698,DECREASE,442472,0,0,0,7740,0,0,0,248,55.56
9/3/2021,NORMAL,TRUE,DECREASE,62882,179,424,DECREASE,700,DECREASE,443786,0,0,0,7740,0,0,0,248,55.56
10/3/2021,NORMAL,TRUE,DECREASE,63174,292,397,DECREASE,707,DECREASE,445498,0,0,0,7740,0,0,0,248,55.56
11/3/2021,NORMAL,TRUE,DECREASE,63645,471,353.571,DECREASE,711,DECREASE,448026,0,0,0,7740,0,0,0,248,55.56
12/3/2021,FDS,TRUE,DECREASE,64004,359,353.571,DECREASE,719,DECREASE,450293,0,0,0,7740,0,0,0,248,55.56
13-03-21,FDS,TRUE,DECREASE,64296,292,309.286,DECREASE,722,DECREASE,452192,46439,46439,0,7740,0.15,0.15,0,248,55.56
14-03-21,FDS,TRUE,DECREASE,64516,220,285.143,DECREASE,725,DECREASE,453685,0,0,0,6789,0,0,0,217,55.56
15-03-21,NORMAL,TRUE,DECREASE,64516,0,259,DECREASE,725,DECREASE,454528,0,0,0,5839,0,0,0,187,55.56
16-03-21,NORMAL,TRUE,DECREASE,64929,413,292.429,DECREASE,732,DECREASE,456343,0,0,0,4888,0,0,0,156,55.56
17-03-21,NORMAL,TRUE,DECREASE,65197,268,289,DECREASE,733,DECREASE,458121,0,0,0,3938,0,0,0,126,55.56
18-03-21,NORMAL,TRUE,DECREASE,65452,255,258.143,DECREASE,737,DECREASE,459580,0,0,0,2988,0,0,0,96,55.56
19-03-21,FDS,TRUE,DECREASE,65799,347,256.429,DECREASE,740,DECREASE,462195,0,0,0,2037,0,0,0,65,55.56
20-03-21,FDS,TRUE,DECREASE,66064,265,252.571,DECREASE,743,DECREASE,464194,0,0,0,1087,0,0,0,35,55.56
21-03-21,FDS,TRUE,DECREASE,66212,148,242.286,DECREASE,746,DECREASE,465398,0,0,0,1087,0,0,0,35,55.56
22-03-21,NORMAL,TRUE,DECREASE,66306,94,255.714,DECREASE,747,DECREASE,466296,0,0,0,1087,0,0,0,35,55.56
23-03-21,NORMAL,TRUE,DECREASE,66496,190,223.857,DECREASE,750,DECREASE,467993,57305,57305,0,1087,0.18,0.18,0,35,55.56
24-03-21,NORMAL,TRUE,DECREASE,66649,153,207.429,DECREASE,752,DECREASE,469425,0,0,0,1785,0,0,0,57,55.56
25-03-21,NORMAL,TRUE,DECREASE,66762,113,187.143,DECREASE,753,DECREASE,471022,0,0,0,2483,0,0,0,79,55.56
26-03-21,FDS,TRUE,DECREASE,66879,117,154.286,DECREASE,758,DECREASE,472501,0,0,0,3181,0,0,0,102,55.56
27-03-21,FDS,TRUE,DECREASE,67011,132,135.286,DECREASE,762,DECREASE,474942,0,0,0,3879,0,0,0,124,55.56
28-03-21,FDS,TRUE,INCREASE,67197,186,140.714,INCREASE,764,INCREASE,476561,0,0,0,4577,0,0,0,146,55.56
29-03-21,NORMAL,TRUE,INCREASE,67197,0,127.286,INCREASE,764,INCREASE,477794,0,0,0,5276,0,0,0,169,55.56
30-03-21,NORMAL,TRUE,INCREASE,67292,95,113.714,INCREASE,769,INCREASE,479349,0,0,0,5974,0,0,0,191,55.56
31-03-21,NORMAL,TRUE,INCREASE,67579,287,132.857,INCREASE,775,INCREASE,480898,0,0,0,5974,0,0,0,191,55.56
1/4/2021,NORMAL,TRUE,INCREASE,67729,150,138.143,INCREASE,775,INCREASE,482221,0,0,0,5974,0,0,0,191,55.56
2/4/2021,FDSLONG,TRUE,INCREASE,67923,194,149.143,INCREASE,778,INCREASE,484026,0,0,0,5974,0,0,0,191,55.56
3/4/2021,FDSLONG,TRUE,INCREASE,68005,82,142,INCREASE,782,INCREASE,485779,0,0,0,5974,0,0,0,191,55.56
4/4/2021,FDSLONG,TRUE,DECREASE,68119,114,131.714,DECREASE,782,DECREASE,487021,0,0,0,5974,0,0,0,191,55.56
5/4/2021,NORMAL,TRUE,DECREASE,68227,108,147.143,DECREASE,782,DECREASE,489119,0,0,0,5974,0,0,0,191,55.56
6/4/2021,NORMAL,TRUE,DECREASE,68292,65,142.857,DECREASE,785,DECREASE,489927,0,0,0,5974,0,0,0,191,55.56
7/4/2021,FERIADO,TRUE,DECREASE,68431,139,121.714,DECREASE,785,DECREASE,491304,0,0,0,5974,0,0,0,191,55.56
8/4/2021,NORMAL,TRUE,DECREASE,68466,35,105.286,DECREASE,788,DECREASE,492119,0,0,0,5974,0,0,0,191,55.56
9/4/2021,FDS,TRUE,DECREASE,68506,40,83.286,DECREASE,789,DECREASE,493153,0,0,0,5974,0,0,0,191,55.56
10/4/2021,FDS,TRUE,DECREASE,68578,72,81.857,DECREASE,789,DECREASE,494568,0,0,0,5974,0,0,0,191,55.56
11/4/2021,FDS,TRUE,DECREASE,68758,180,91.286,INCREASE,791,DECREASE,496181,0,0,0,5974,0,0,0,191,55.56
12/4/2021,NORMAL,TRUE,DECREASE,68792,34,80.714,INCREASE,791,DECREASE,496890,0,0,0,5974,0,0,0,191,55.56
13-04-21,NORMAL,TRUE,DECREASE,68871,79,82.714,INCREASE,794,DECREASE,498247,0,0,0,5974,0,0,0,191,55.56
14-04-21,NORMAL,TRUE,DECREASE,68927,56,70.857,INCREASE,794,DECREASE,499510,0,0,0,5974,0,0,0,191,55.56
15-04-21,NORMAL,TRUE,DECREASE,69002,75,76.571,INCREASE,794,DECREASE,500757,0,0,0,5974,0,0,0,191,55.56
16-04-21,FDS,TRUE,DECREASE,69067,65,80.143,INCREASE,797,DECREASE,501859,0,0,0,5974,0,0,0,191,55.56
17-04-21,FDS,TRUE,DECREASE,69134,67,79.429,INCREASE,798,DECREASE,503001,0,0,0,5974,0,0,0,191,55.56
18-04-21,FDS,TRUE,DECREASE,69203,69,63.571,MAINTAIN,798,INCREASE,504012,0,0,0,5974,0,0,0,191,55.56
19-04-21,NORMAL,TRUE,DECREASE,69228,25,62.286,MAINTAIN,800,INCREASE,504532,0,0,0,5974,0,0,0,191,65.74
20-04-21,NORMAL,TRUE,DECREASE,69309,81,62.571,MAINTAIN,802,INCREASE,505597,0,0,0,5974,0,0,0,191,65.74
21-04-21,NORMAL,TRUE,DECREASE,69437,128,72.857,MAINTAIN,805,INCREASE,507194,0,0,0,5974,0,0,0,191,65.74
22-04-21,NORMAL,TRUE,DECREASE,69523,86,74.429,MAINTAIN,805,INCREASE,508573,0,0,0,5974,0,0,0,191,65.74
23-04-21,FDS,TRUE,DECREASE,69597,74,75.714,MAINTAIN,806,INCREASE,510093,0,0,0,5974,0,0,0,191,65.74
24-04-21,FDS,TRUE,DECREASE,69643,46,72.714,MAINTAIN,807,INCREASE,511476,0,0,0,5974,0,0,0,191,65.74
25-04-21,FDS,TRUE,DECREASE,69665,22,66,DECREASE,807,INCREASE,512219,0,0,0,5974,0,0,0,191,65.74
26-04-21,NORMAL,TRUE,DECREASE,69715,50,69.571,DECREASE,809,INCREASE,513095,0,0,0,5974,0,0,0,191,65.74
27-04-21,NORMAL,TRUE,DECREASE,69762,47,64.714,DECREASE,814,INCREASE,513864,0,0,0,5974,0,0,0,191,56.48
28-04-21,NORMAL,FALSE,DECREASE,69804,42,52.429,DECREASE,814,INCREASE,515115,0,0,0,5974,0,0,0,191,56.48
29-04-21,NORMAL,FALSE,DECREASE,69864,60,48.714,DECREASE,814,INCREASE,517018,0,0,0,5974,0,0,0,191,56.48
30-04-21,FDS,FALSE,DECREASE,69917,53,45.714,DECREASE,814,INCREASE,518615,0,0,0,5974,0,0,0,191,56.48
1/5/2021,FERIADO,FALSE,DECREASE,69965,48,46,DECREASE,814,INCREASE,520205,0,0,0,5974,0,0,0,191,56.48
2/5/2021,FDS,FALSE,DECREASE,69984,19,45.571,MAINTAIN,815,DECREASE,521012,0,0,0,5974,0,0,0,191,56.48
3/5/2021,NORMAL,FALSE,DECREASE,70000,16,40.714,MAINTAIN,815,DECREASE,521347,0,0,0,5974,0,0,0,191,56.48
4/5/2021,NORMAL,FALSE,DECREASE,70031,31,38.429,MAINTAIN,817,DECREASE,522290,0,0,0,5974,0,0,0,191,56.48
5/5/2021,NORMAL,FALSE,DECREASE,70052,21,35.429,MAINTAIN,818,DECREASE,522988,0,0,0,5974,0,0,0,191,67.59
6/5/2021,NORMAL,FALSE,DECREASE,70108,56,34.857,MAINTAIN,819,DECREASE,524063,0,0,0,5974,0,0,0,191,67.59
7/5/2021,FDS,FALSE,DECREASE,70138,30,31.571,MAINTAIN,820,DECREASE,525385,0,0,0,5974,0,0,0,191,67.59
8/5/2021,FDS,FALSE,DECREASE,70166,28,28.714,MAINTAIN,821,DECREASE,526810,0,0,0,5974,0,0,0,191,67.59
9/5/2021,FDS,FALSE,INCREASE,70212,46,32.571,DECREASE,823,INCREASE,528305,0,0,0,5974,0,0,0,191,67.59
10/5/2021,NORMAL,FALSE,INCREASE,70283,71,40.429,DECREASE,825,INCREASE,528627,0,0,0,5974,0,0,0,191,67.59
11/5/2021,NORMAL,FALSE,INCREASE,70267,-16,33.714,DECREASE,826,INCREASE,529546,0,0,0,5974,0,0,0,191,67.59
12/5/2021,NORMAL,FALSE,INCREASE,70287,20,33.571,DECREASE,826,INCREASE,530868,355995,296983,59012,5974,1.14,0.95,0.19,191,67.59
13-05-21,NORMAL,FALSE,INCREASE,70315,28,29.571,DECREASE,826,INCREASE,530868,0,0,0,6004,0,0,0,192,67.59
14-05-21,FDS,FALSE,INCREASE,70361,46,31.857,DECREASE,826,INCREASE,535701,0,0,0,6034,0,0,0,193,67.59
15-05-21,FDS,FALSE,INCREASE,70410,49,34.857,DECREASE,826,INCREASE,535701,0,0,0,6064,0,0,0,194,67.59
16-05-21,FDS,FALSE,DECREASE,70442,32,32.857,MAINTAIN,826,INCREASE,536999,0,0,0,6094,0,0,0,195,67.59
17-05-21,NORMAL,FALSE,DECREASE,70463,21,25.714,MAINTAIN,828,INCREASE,537525,0,0,0,6125,0,0,0,196,63.89
18-05-21,NORMAL,FALSE,DECREASE,70485,22,31.143,MAINTAIN,828,INCREASE,538679,393105,318548,74557,6155,1.26,1.02,0.24,197,63.89
19-05-21,NORMAL,FALSE,DECREASE,70509,24,31.714,MAINTAIN,828,INCREASE,540123,0,0,0,5315,0,0,0,170,63.89
20-05-21,NORMAL,FALSE,DECREASE,70527,18,30.286,MAINTAIN,828,INCREASE,541429,0,0,0,4444,0,0,0,142,63.89
21-05-21,FDS,FALSE,DECREASE,70551,24,27.143,MAINTAIN,831,INCREASE,542895,0,0,0,3574,0,0,0,114,63.89
22-05-21,FDS,FALSE,DECREASE,70568,17,22.571,MAINTAIN,831,INCREASE,544605,0,0,0,2704,0,0,0,87,63.89
23-05-21,FDS,FALSE,DECREASE,70590,22,21.143,MAINTAIN,831,DECREASE,545343,0,0,0,1833,0,0,0,59,63.89
24-05-21,NORMAL,FALSE,DECREASE,70606,16,20.429,MAINTAIN,831,DECREASE,545951,0,0,0,963,0,0,0,31,63.89
25-05-21,NORMAL,FALSE,DECREASE,70636,30,21.571,MAINTAIN,833,DECREASE,545951,0,0,0,93,0,0,0,3,63.89
26-05-21,NORMAL,FALSE,DECREASE,70651,15,20.286,MAINTAIN,834,DECREASE,548177,0,0,0,93,0,0,0,3,63.89
27-05-21,NORMAL,FALSE,DECREASE,70673,22,20.857,MAINTAIN,834,DECREASE,548177,0,0,0,93,0,0,0,3,63.89
28-05-21,FDS,FALSE,DECREASE,70697,24,20.857,MAINTAIN,835,DECREASE,551014,0,0,0,93,0,0,0,3,63.89
29-05-21,FDS,FALSE,DECREASE,70724,27,22.286,MAINTAIN,836,DECREASE,552231,0,0,0,93,0,0,0,3,63.89
30-05-21,FDS,FALSE,INCREASE,70780,56,27.143,DECREASE,836,DECREASE,552231,0,0,0,93,0,0,0,3,63.89
31-05-21,NORMAL,FALSE,INCREASE,70795,15,27,DECREASE,836,DECREASE,553718,394312,319511,74801,93,1.26,1.02,0.24,3,63.89
1/6/2021,NORMAL,FALSE,INCREASE,70850,55,30.571,DECREASE,836,DECREASE,554737,0,0,0,88,0,0,0,3,63.89
2/6/2021,NORMAL,FALSE,INCREASE,70923,73,38.857,DECREASE,836,DECREASE,556045,0,0,0,84,0,0,0,3,63.89
3/6/2021,NORMAL,FALSE,INCREASE,70965,42,41.714,DECREASE,837,DECREASE,557044,0,0,0,80,0,0,0,3,63.89
4/6/2021,FDS,FALSE,INCREASE,71019,54,46,DECREASE,837,DECREASE,558203,0,0,0,75,0,0,0,2,63.89
5/6/2021,FDS,FALSE,INCREASE,71082,63,51.143,DECREASE,837,DECREASE,559736,0,0,0,71,0,0,0,2,63.89
6/6/2021,FDS,FALSE,INCREASE,71114,32,47.714,INCREASE,837,DECREASE,560774,0,0,0,66,0,0,0,2,63.89
7/6/2021,NORMAL,FALSE,INCREASE,71145,31,50,INCREASE,838,DECREASE,561181,0,0,0,62,0,0,0,2,63.89
8/6/2021,NORMAL,FALSE,INCREASE,71165,20,45,INCREASE,839,DECREASE,561992,0,0,0,62,0,0,0,2,63.89
9/6/2021,NORMAL,FALSE,INCREASE,71239,74,45.143,INCREASE,840,DECREASE,563306,0,0,0,62,0,0,0,2,63.89
10/6/2021,NORMAL,FALSE,INCREASE,71279,40,44.857,INCREASE,840,DECREASE,564481,394930,320129,74801,62,1.26,1.02,0.24,2,63.89
11/6/2021,FDS,FALSE,INCREASE,71355,76,48,INCREASE,840,DECREASE,564481,0,0,0,496,0,0,0,16,63.89
12/6/2021,FDS,FALSE,INCREASE,71461,106,54.143,INCREASE,840,DECREASE,567164,0,0,0,931,0,0,0,30,63.89
13-06-21,FDS,FALSE,INCREASE,71538,77,60.571,INCREASE,841,INCREASE,568101,0,0,0,1365,0,0,0,44,63.89
14-06-21,NORMAL,FALSE,INCREASE,71568,30,60.429,INCREASE,841,INCREASE,568101,0,0,0,1800,0,0,0,58,56.48
15-06-21,NORMAL,FALSE,INCREASE,71651,83,69.429,INCREASE,842,INCREASE,569683,0,0,0,2235,0,0,0,72,56.48
16-06-21,NORMAL,FALSE,INCREASE,71764,113,75,INCREASE,844,INCREASE,571002,0,0,0,2669,0,0,0,85,56.48
17-06-21,NORMAL,FALSE,INCREASE,71929,165,92.857,INCREASE,844,INCREASE,572668,0,0,0,3104,0,0,0,99,56.48
18-06-21,FDS,FALSE,INCREASE,72123,194,109.714,INCREASE,844,INCREASE,574348,0,0,0,3104,0,0,0,99,56.48
19-06-21,FDS,FALSE,INCREASE,72367,244,129.429,INCREASE,847,INCREASE,575709,0,0,0,3104,0,0,0,99,56.48
